,PCA1,PCA2,PCA3,PCA4,PCA5,PCA6,PCA7,PCA8,PCA9,PCA10,PCA11
0,-14.055899068294105,-0.010464740649287584,3.3063922701862656,-0.13615500030887634,0.8000423139377318,-1.1743817975193676,-1.9717181061553515,-2.207144890485379,1.1651030056810774,1.4832315734168617,0.2341159769826257
1,-13.361605236653768,2.0256744911886746,1.2505890863205082,-1.6080992771633784,-1.0006679048030713,0.010673346343158314,0.368089828347581,-0.00950088108230724,2.3019245545295783,3.169968184152594,-2.136867106489117
2,-11.438863855127378,1.5431891520478724,0.5533890537830856,-5.700874394377022,0.5182541249531143,2.8742049693365335,-0.4893964419126286,0.026062574058365616,0.4163051854075298,4.102585535259323,-2.1972354348172254
3,-12.069765701979362,1.474722734607348,5.0750470148088205,-2.9967589161484294,3.0691787916740423,3.0510719843142744,-1.951941926900708,0.7570986244625516,-0.234723180574118,2.9108696008279518,-0.5286033778542075
4,-12.25328868646931,4.660757033308873,4.511277367662317,-1.0338359895704674,3.9492419960164953,1.0641595440359495,-2.315737079235276,-1.762662129533026,0.7393052010793478,2.219762010983995,0.36372253858864645
5,-12.314234843029727,1.0125463742074237,3.7630596630121524,-3.3200240629746025,1.3301614632800487,-0.22338713550498587,-1.8817257805674088,0.5948042006011582,1.1157276582183429,2.990391960910268,0.14929960489675284
6,-12.993603750236902,-3.6326802203617925,2.466307487765002,-2.6180432331178523,1.338366693284826,2.1350494237087254,-0.5244810078429273,-0.23029864047332482,1.2937819897765324,3.912021250307781,0.35434638520035827
7,-11.723980007467823,-3.001132360224901,-0.029091150349921067,-4.744545125143172,-0.6424284428828271,-0.23257331201192666,2.3686425304026897,-0.18631327667842004,-1.4631603832869988,-2.3762542009384715,0.6523432751951421
8,-11.050985848986844,-0.12805284649453463,-1.4376604958061328,-4.608971152129801,1.5229715329653568,0.0020349034707696843,5.251431131198119,-0.43091913896627776,-1.3122988752743523,-1.5875028742648432,1.0735677491075282
9,-10.418688963756257,0.9553977094372333,-0.7295519111529929,-3.8560140166828605,3.310675667347766,0.09547771933847032,3.3260969478706532,-1.1173439579903601,1.3788590978969173,0.04715597621550537,0.40710734472175397
10,-8.672763933363909,3.1895553933512306,-0.34313808721234484,-4.536344004909842,3.530782805154903,-1.158163610991541,2.725638231550202,-2.0156466884765103,1.7865594391878323,0.20533531731162227,-0.7374996387255757
11,-8.506614465884038,3.4118109288458958,1.3118990714145664,-2.9864887641341453,4.605052086430069,-1.231507795109563,0.5205440475649366,-1.1894931668699995,2.6371437640628206,0.3925806941340633,1.174718478493153
12,-8.834238661437722,3.6370005636378897,-0.43905209896202435,-3.368489641421902,3.892366333293126,-2.0936175661543936,0.5396512409962765,-3.497984505905973,1.9746456898780922,0.8268919804872294,-1.1724778966657867
13,-8.149152459580392,1.979519914751947,0.4865309208905695,-5.341514851527449,3.6325868158392636,-0.8063789941245769,1.033303548699921,-2.353234344446196,2.861667751388946,2.0432040314280773,-0.7085176064438401
14,-8.928843686266656,3.550940094812112,1.2159414215347306,-1.2314955981896978,4.679364944789449,2.4456599518850552,2.0966869131551857,-1.1316552802551334,1.3615461715834511,0.9221964768448221,-0.7592556173557479
15,-9.67367643213511,2.2613697513733837,0.34009548537492584,1.7989567583391666,4.085155939059092,3.258217623686181,1.8366785099323788,-2.0200606041852933,0.7778605893324304,1.5166769448193982,0.035268952973086166
16,-10.631370354450253,-1.4462996093173397,-1.2606739416241375,1.1940020914687266,3.0363608299809983,2.270402277191444,2.434217058896456,-3.739492112776505,1.6253083310052137,0.22916528483066048,-0.6037033036609026
17,-10.304895062732646,-4.306688871783097,-1.1352435064921995,-0.8227081660824482,1.9304844426703636,1.5380248574106015,3.24549558233141,-1.302288091810409,1.295082458835507,-1.2402747011877213,0.4798451423905981
18,-11.592176447644144,-4.780695168439169,-2.7085798131860237,-0.262822088060185,1.1591446187109937,1.8663887307295912,2.1783228044620735,-0.6157036443594149,0.6236105148907237,-1.4194324588869138,1.0892168693605428
19,-11.265994287771074,-5.513732579930513,-2.8219560434184814,-1.6701644881296047,0.9179716530395494,0.1307938276660959,2.2696276626189045,-1.40636259858991,-0.12213114589841803,-1.5481955504731377,-0.015195283821792664
20,-10.644460403858444,-6.077720548562133,-0.2775969557322492,-2.872346605888559,2.0120707520360344,-0.8164011808019702,1.6951727721889749,-0.9006784761359351,-1.3342994618550887,-1.0164326429999206,-0.32650543309227287
21,-12.089693813391936,-3.1197617694787825,-2.563950358350137,-1.9714940618699757,0.16567985883531014,0.1538623555972028,1.982233386202321,-0.28218723298108195,-0.07113470486586597,-1.416828620976885,0.6816238793066216
22,-10.331367296731967,-1.7036014402636595,-2.3371322966904575,-3.5678787586764824,-0.06991666010852503,-0.00433757570956333,2.7833232702267017,0.0620178871653589,0.4239766016229335,-0.26223384370616826,0.8043511290276469
23,-9.998731609046663,0.8159992518947048,-3.0072979812153595,-1.4134657074987074,1.6898806234869275,1.294849894676184,2.676240957197763,-0.3473980059086325,-1.1100827536739535,-0.08839449333377605,1.1541837240619215
24,-9.102908401370879,-0.5101207223534817,-3.5374084921932925,-3.9229695737829218,2.140406900348953,1.4753346214861256,2.6623251249574738,0.36583285853574277,1.5582333644753685,1.2491415676907556,1.3012750821899886
25,-8.668890854494212,-0.6853054924695556,-4.019421536890542,-1.4258338710988587,2.261973144929128,2.5178537291262946,0.04951766313964893,0.8193868555977086,0.45712003725321665,2.2590405504685678,3.1555995553811322
26,-8.643589277370044,-0.3103799080048704,-3.3822976600998977,1.2327807946100344,1.2638175806202443,0.298156636997627,-0.516890118137933,-0.46851658860609446,-0.3336891124436572,1.0604950259224362,0.8137175936986107
27,-8.870026023609032,-3.934284331652423,-2.254108102605588,0.40997353322562935,1.0712557968934253,1.7662976977883285,0.06651981994260596,-0.7476199750598158,0.8219051486680345,0.8366192791091664,-0.7323233629375299
28,-9.125140564156109,-3.8931295048842958,-0.47081039314858414,-4.139451829179241,1.4101015361716542,0.8967330021644236,1.327281137886381,-1.3035312573324278,-1.0999574038550068,-0.8159255984561716,-0.8616191686629129
29,-10.76661172045646,1.2678139458030027,0.04580109977879173,-1.231978898833365,0.8935029304127424,1.258798760333257,0.5515707705990452,0.29596560301640884,-1.5496781201041023,-1.250914733183717,0.8593103500441719
30,-11.348691679091178,-4.363229939221718,2.7121599295856327,1.2354396556172362,1.2556912512930112,-0.822881692919974,3.2577613887144787,-2.67832459093372,-2.097455145392518,-0.4543435340810801,0.020659678284112377
31,-11.12214305994536,-5.184466636021267,3.341071539279466,-2.983221937893513,-0.11720104478605894,-2.86989558958589,2.579391680334596,-3.184673893819742,-1.0501207869828462,-0.19795226797752924,0.713496942764646
32,-11.084274737244952,3.783290822137828,-1.342372076747653,-2.0427206795340522,-2.1437081738973647,1.658731139134946,4.866365563791583,0.08810464936387548,-4.063117025001861,2.400807748255419,3.994707286838486
33,-7.674425705842569,5.363752195126588,2.5288852467217184,-0.8439094341368901,-1.059920259937725,-4.496199901956021,3.5050860258049954,1.944843514261591,-1.0872625369657425,1.0047229257381163,0.7718111851666498
34,-7.796078393667637,3.615726083563846,1.414368945982734,-2.6368012364970084,1.5929888190571526,-0.8951878029378116,0.6500072464750376,0.7817479743763862,-1.130575553964386,0.9410782011028697,-1.6380374667256552
35,-8.950003352209118,5.555904113339595,1.9278053019113417,-0.6819354345139381,2.5382406063182854,3.5074534062470097,-0.2001101413048959,0.6736268025523806,-1.2158792193465437,1.6965014742057833,-0.46252524428417324
36,-8.109089729907438,-0.4867377092843067,2.44145174321971,-1.9247327255911666,-0.42120527438343736,0.8412058426492054,-1.1113372131670745,0.17296705645910462,0.29708024838148833,1.0109137982204703,-2.2542573076875976
37,-9.558846809552556,1.5851951469347834,0.5227797325137813,-2.035245215430272,-0.50673186076037,-0.8826109940405821,2.2439555603993764,0.8611175251110749,-0.8787162571917745,-0.3287561959602243,1.2094411307515651
38,-6.871646423030333,4.080899479013707,0.9643694750086276,-1.0798484220481557,-1.8735865337743205,-2.141521427549198,1.7317288678817362,0.6359579707296941,-1.9995004716005007,1.037226193932992,0.07888341224198098
39,-6.818467360306407,6.4151379585689385,2.286971087323046,-1.9168287000967745,-0.14176050698039924,-0.8664367129753286,0.13251186849613653,1.4505764816357252,-2.5789427242806764,0.2903649212915023,-0.5979534422250382
40,-9.123492434269318,4.790467269870174,2.5400441239260427,-0.5509642878198803,1.112333643746997,1.0840921307250537,0.1885377068367682,0.6158359404778649,-1.3023520846311778,3.235825562579479,0.4446420307912799
41,-9.905576080092455,0.6586462750163619,3.9133901008788574,0.42674613307865694,1.9058498405537585,1.4017966674000197,0.38264486414042004,-3.243925278707781,-1.1655235734975795,1.5860480537596748,-1.7681534607976208
42,-11.611129318024288,3.2891877867397006,1.3939332620558635,-3.0367216290434964,-1.1058808735990227,2.425914895575739,2.500876614110776,-1.1726494286338112,-0.8649030041552067,-0.4220213659650532,1.0785235406854088
43,-10.899583318155814,1.8520306993754563,4.071988894088967,-0.7201124100581235,-0.2878656231808351,0.4760807889385672,-0.20426459886813383,-0.6934128689856632,0.5111453083112879,0.9820836407768118,0.9325825439907105
44,-11.63631472376559,0.16544678463979776,4.929050548942143,0.6796773945779843,1.2943662159194511,1.3111741010608318,-0.39714838093877786,-1.8199664641116688,-1.6710966919447574,0.5888691663268436,-0.15511062069293247
45,-12.203095166156476,-1.8155610240690963,6.105726206770142,1.1441218513208709,-0.5659096128993346,0.08676947959371788,-0.3530739906171873,-2.4877425749700866,-1.2661984244180478,0.5240202477073213,-0.7829208398460891
46,-12.779037743451669,-2.573820500193251,2.243423706951392,-0.15382627119819595,-5.749252169453036,0.8620316637980192,2.6723672206589835,-3.3929671964697983,-2.288735786625899,2.491079281932483,0.5784538111132379
47,-12.382944178368389,-0.8431560969899696,2.861589339008079,-1.0441514360598503,-5.463937266006426,2.623211978546591,2.2643458590897696,-2.110534958529325,-3.972087398170322,0.80576802159321,1.427480338820589
48,-11.199488437306309,-1.2124891017829096,3.316379996085691,0.5504007887308008,-1.8061306584496337,-0.49702926554457993,3.2807327412750373,-3.851868469233018,-4.918290678597139,-0.7202032036147147,0.40512507936995357
49,-11.459323244332554,-1.5937512085621353,-1.1232334440276353,0.840067786101559,-2.9637414563160083,2.3007328557133735,4.716854026589187,-3.5128131079037366,-3.6575094920138835,-0.6045048023830284,3.8463979765149596
50,-8.431631830192117,1.0111610498669397,0.4431914345356557,-0.818675371396998,-3.2102061954932775,-2.037424944162178,5.244923081597627,-0.5173344632487096,-3.2453895326788276,-0.722460826666404,2.0165255553602606
51,-8.838070165875173,3.907997725138414,-2.37995391550062,1.1484353707893338,-1.6624112905167736,1.5052415081789243,4.415721038643165,-0.538047022771813,-3.4451872663211405,1.6795849872165458,3.21735124942729
52,-7.416722788714366,5.659804032204819,-2.02320626995445,0.5095937219943116,-1.0337881044846846,0.6242488381950927,3.735175833439015,0.7995578149690671,-2.6150401191482278,0.6304814891299538,3.2702046009969763
53,-6.687206634220405,2.688273116674316,2.4457973400930006,0.7835125732322822,-1.3548856418935464,-0.9907060308969525,2.71616441062754,0.26957004617733193,-1.2939942747715112,0.04851766508573938,0.8631689968377438
54,-8.21554043438007,0.37796813430368403,1.5045965343862557,1.358808013786366,-1.2902918441632039,2.0546253115138553,0.4673259593041775,-0.0222113557645694,-0.8129593116117354,0.27956211156014904,0.9844424192335977
55,-9.02886816487931,-1.1989814982590505,2.3292603318119123,1.5731604615377628,-0.5192303209130245,3.354835781064237,0.9565269810370278,-0.5109414915320166,-0.870635305656923,-0.32312893343590376,1.5813950594890607
56,-9.986819770639308,-2.810345006320424,2.6348291936318415,2.36202613786632,-0.5331423407870453,3.2846867700434754,0.1728967106138936,-0.7949146751014543,1.1391705802551175,0.06724184915528165,0.9332048005944762
57,-11.60760034495546,-2.240384168118086,3.0341545220183788,2.5919244012082965,-1.7114985400079672,1.4621329392766778,0.40525697920096837,1.764591271658702,1.56812592431713,-1.8335039243532871,0.32905325702695715
58,-10.38044793327468,-4.573495729389419,4.710935254356092,2.354727491398932,-2.202898384943247,1.4639310441695441,0.3971137698376413,1.0635442907471935,0.5391560194301248,-3.156986971096122,1.386308122207191
59,-10.013866526055875,-1.9203440794141484,1.1195834978385335,1.580803486716041,-5.251620808857352,1.6121751779893823,-0.7398990790179512,-0.36348186186194115,0.9328429242264538,1.7464776967811704,0.6338333007083976
60,-9.550261364877215,3.1399771124762275,3.732880147005308,0.7691416262236708,-0.6614462386279799,0.14666452336553823,-0.5250222219410803,0.5475707298733431,-2.026283518119344,1.6432158003208999,-0.3032566328600494
61,-10.463852876347401,3.1477418910995336,6.166917630269707,0.5299943953219628,2.3711814647855953,-0.5005131399105995,-2.3110114224638236,-1.9538419861876544,-1.019621741083145,1.9973978786915916,1.0220336857014607
62,-10.187377504564026,3.92236505067717,6.495458856617975,-1.216519343936655,1.4987597483969575,-1.768380391405563,-3.3554030720088495,-2.5966731502253038,1.14469934066421,-0.6437188709189947,2.521149331668077
63,-9.617737251391313,3.6008721410986695,5.78301476052609,0.031036112178839326,-0.6830658482263509,-1.77636511073,-4.199898792205187,-1.0413559234033631,1.2224345505993712,0.5583406380637808,1.063881736907649
64,-8.081035040907587,0.7833912319167571,4.116146315829589,-0.08645732330041084,-3.329464198159454,-2.6112448281311624,-3.3184357918864014,-0.9093598059467755,-0.7640534259601027,0.2730319892693478,0.24586661907097299
65,-8.7553132372281,-1.8920671648604046,2.8123007453809126,-1.8821612808953911,-2.5419401729290225,-0.503824653697245,-1.6888969978924673,-0.9028341027695888,-0.3032771365819238,0.5367997750442199,2.7131675969379816
66,-9.398430210041763,1.262970507592889,3.047276457554531,-0.7360642077411684,-3.8574611720685743,2.4972133307397852,-2.6007529022657168,-1.8453185998267037,-1.3035475062417066,0.029837301919301087,1.9613959405142412
67,-7.291931139321559,-3.036857362950955,6.038803302138131,-2.5700356276089935,-0.6234855784437955,-1.291967856955184,-2.153226529207668,-2.2159174402055344,-3.1458673179794845,0.3185494015417484,1.9201003910995138
68,-7.332058152876572,-5.306157203147609,2.6908896600608103,-2.7194182528670403,-1.6846559568206994,0.7824561296108163,-3.018827950323262,-2.0368827306935082,0.0827424831980384,0.2570034768373171,1.778753173754274
69,-7.385744076723719,-3.1278308666622916,3.160745469230201,-0.8172906897303952,0.9167551490940877,-2.139917149127033,-0.18267301089261934,-1.6675235374707507,-2.231485043002565,-3.7902092792711066,-0.2259531061649065
70,-7.229330854632427,-1.4997991229641836,2.6445486101210505,-1.314409106929008,-0.01854473514602485,-1.2692424534484716,1.2695137838041488,-0.4318991686838914,1.2979013748189296,-0.9115125208700262,1.9052155481400606
71,-4.595899246544182,-4.3051626884307375,3.5684646457116345,-3.068255902717996,-1.4057881775176477,1.0580424938734274,0.23201383203732442,-0.5895744484809599,0.7303666849349679,-0.6441579333886969,0.8419054289519685
72,-7.598286102723727,-1.2920247649611287,3.6400457119353855,0.8063574605801983,-0.30553666607181584,-1.0019035773736522,0.9594915636932205,2.0074745162929517,1.9214839256085992,-2.3891087695324185,2.6621406773836034
73,-8.066585537459002,-1.5105840755433608,2.959399783788392,3.85538184495352,0.2583751016439532,0.5157575439253955,0.15766806826896454,-0.11518116831182129,0.62850735283644,-0.20358005401775903,1.394023758996465
74,-6.532615958907555,-2.8014871429057084,-0.5859672784613111,1.891284391296235,-2.4065391631498505,1.8002894990192813,-0.8360577830749778,-0.9603821766627195,2.2573445776890297,-0.29982664150905075,1.5738495450237622
75,-6.410862809205304,1.7680335839101091,-2.5927582777322433,0.4074657368417483,-3.2624642765884326,-0.8872340761289605,0.7719546669358397,-0.38442955231917003,0.6354616138163446,0.09351238427867925,-1.3161168091900795
76,-4.59351575731382,6.210073749154856,2.6103631491106865,1.044575290569556,-1.245306227375621,-1.264819940515616,1.12751959632939,2.3782738362014446,-2.600276156006375,1.6879261759960755,-0.027443342288936093
77,-4.764303680393802,2.278879154280643,2.5514188460935205,2.9930858079340843,-1.6752038796861681,-2.78253485470226,1.1647982640183976,0.18208682112413302,-0.073317303050257,2.392327319170733,0.2584089570208219
78,-4.6432190705743315,0.5282403935547275,-0.7883602845579002,2.5511119945580294,-3.1178718834571555,2.0765645042560936,0.9991869341222903,0.13291216614221088,0.5623688353195585,-0.19154051453748594,-1.3637315449161613
79,-2.62526615078844,-0.5340993081542995,-1.1425307501941144,-1.149571320412169,-2.4195583137756245,1.8087861150612428,0.2994598000012194,-0.34325543755131616,1.4520380645258353,-0.8062050701782781,-1.1970447112059026
80,-2.04606270866352,-0.5223730616228619,0.8200666982662261,-3.308074071383537,-0.3194556959928508,0.5977163973561007,-0.38931509897127897,-0.4530034572953779,-0.8909249426190659,-1.482849823285633,-2.1087951748591447
81,-3.2054789865455335,0.02169258352561925,1.0814840243741173,-0.13688306140847012,2.20681233467735,-0.39691033180036034,-0.9517008394759322,0.8856248148237092,-0.538557208284044,-2.125073135477597,0.44248014168828503
82,-2.947993107170217,1.898862478427517,0.4380683429823907,1.3072292154717382,-0.20945104265050316,3.6193532886458373,-1.0890759306238549,2.4110908284894323,-1.486235598699035,0.17328690540903713,1.556282717387619
83,-4.298208219059463,-0.07943549124484761,2.1052028085188783,0.6029866133151515,1.1529547023493978,1.0841723767446436,-3.140556539265713,2.002602068876405,-0.01442019204286199,-1.8754141414758734,-0.8311310687327725
84,-3.994418428552683,-0.10477477564185161,2.856585655576925,0.6120165973653621,1.0703192254780272,-1.8590387167985336,-2.947366716347748,0.5139764760544323,-0.5239889590353357,-2.0360293783989962,0.5652491729553404
85,-5.026256998509286,2.328609605243601,6.3801824812423975,2.006018041352803,0.8822342009255856,-4.086054938039827,-1.9607720783144835,2.0261861497800537,-0.6444369983732453,0.5530977796054377,-0.3533011611825597
86,-5.254864084921993,0.8443606245227905,4.893737628227338,0.4844314536595288,-4.355919097538072,-1.3433369769801184,-0.005591793327214563,0.7188827608016425,1.5686285862162013,2.5496948547258707,-0.8618139318104667
87,-4.532879787917365,1.3252727804441136,3.337219247237285,1.3112156893667686,-4.576521402340509,0.13765135254599037,0.2882942224016639,0.31252944863700866,0.6236902169354843,-0.20673008222324457,-3.302451379881312
88,-3.007843010450407,3.8240785033955196,1.4173029290907309,-4.5142387655738165,-5.635252984989925,0.6796456388438671,0.8595967315202533,2.123626423305286,1.0019192791518023,-1.6913856621150392,-3.303191296210415
89,-3.323550482005614,6.7792175080180765,2.854975640809772,-2.4613937355527375,-1.9542225996461224,1.8629978591640801,-0.11972100871715693,1.7009153557473846,0.16116547537544257,-0.5734970513657878,-1.5209690868508945
90,-5.550632194308397,5.060304579510236,3.716751071462777,0.760523461833171,-0.6019656517929363,0.476930980182034,-1.8868868971406327,2.872052258619349,1.3362504876812036,1.0238372695589606,-0.49412194074587895
91,-5.500387693403352,2.387385512190187,5.8989032707314975,3.843586097048822,-1.460134419371598,-1.1080049922598982,-2.357718164113949,1.0866326137844238,0.1726385109310078,0.9469955833548228,-1.9461740619100205
92,-5.716190761872021,-0.7284032845947835,4.3937296103972185,2.6504545023481985,-2.984602789254609,-0.5764588243746508,-0.16614645554981455,-1.054176376306794,2.575313529163427,0.1702489390632784,-1.4452565280076968
93,-4.52803823382135,0.9489795207906827,2.9840861043331253,1.426910928624909,-4.654027926630957,0.7705643343253513,-2.014097638264564,-1.530163781634309,-0.6783627634371516,-0.4619999169427636,-1.7277241230382798
94,-4.917102212506962,1.6912183130162344,3.2632109129513114,0.08886266207384666,-2.938696620047324,-0.3577411873107157,-2.9234587015754223,-0.8480937366060861,-2.1735619394698014,-0.8063972241029501,-1.7610626183710696
95,-4.983889496654601,4.309363689943988,1.2258995733145248,-2.5889145715656143,-5.283932987229531,1.1626523841358354,-0.6261616918866483,1.7235364822861692,0.965076854543801,-0.9769027852520067,1.1671508605863572
96,-4.227277767189453,2.226475401234509,3.686127166991159,-0.27365808260555036,0.3628117071384884,0.3126901804967592,-1.7986623553814451,-0.7615645279193959,0.4921171969862821,-1.354322781275109,-1.1252817923262919
97,-5.248506119620994,2.8950464417474904,4.877234875933761,1.0144280147580422,2.766838288057813,-1.2083752795835414,-2.446149270781285,-1.1449192194889868,1.6303136954822721,-1.0499464616173906,1.2416976162071391
98,-4.1673949372239685,2.8524477571496987,4.969970221484583,-0.22761343989252614,2.3835855661239242,0.9688397371230187,-3.3604648795701237,-1.4109645851157,1.2490294772917028,-0.9019199877258856,-0.5943055313550087
99,-2.4666026864415302,1.7708245022521998,3.682236533273951,-0.7261438233225672,-3.5527856621472087,1.3654211392675435,-3.086575270087055,-0.9570634172977415,1.8875412926807167,-0.38612703505317714,-2.3236721179556294
100,-2.956882271192944,0.6028547497245331,2.845083602417668,-0.16795905609475445,-2.430989583703865,0.7677928000886098,-2.2451582385430657,0.4843039533217791,0.6096680580813071,1.1943824197763115,-1.5079943954017891
101,-1.8409973421178127,0.5256360771594452,2.581605151571403,-1.5335936687103,-2.1219332075400006,3.3523537046073777,1.2801533096791375,1.6901141091909404,2.0845765858152205,-0.8801987019774902,0.9270337775612756
102,-1.3549498953456875,2.2165492690079738,1.9749311916240815,1.1501252217712996,-0.07659894345193609,2.300920613977827,0.5756263776133846,-1.1355617284371557,-1.836581346622068,-1.1144771611825277,-0.6984180385016164
103,-2.037637323588708,-2.178612157428277,0.4873409854546265,6.553193983381274,-0.9864807674660694,1.7387004827265624,2.290583580479581,-2.2795914105758994,1.5896456435970774,-0.5620845568669441,-0.7824141341851789
104,-0.3261069245103237,-3.8143657098783903,-2.3870633028462835,0.34446031752358086,-5.083392877221147,0.6062501431358843,2.061191944647368,-3.1982316651123686,0.9119902211057858,-2.988206307114833,-0.5047254461570599
105,1.120968406085092,-1.663040346415341,-4.766540572447767,1.34555510536049,-4.995594346988027,-0.7472747967251617,0.6284101902272382,-3.0660155176082924,1.029198782990826,-2.0050239412818103,0.4641121600739899
106,3.0018848650196395,-0.707686461910294,-2.8443317245730064,-0.3476926664779013,-2.584562216684199,-1.665348471262084,0.0021620444042966184,-2.053565342362015,0.5188690506444761,-3.1867752516031778,-1.1645095960568368
107,3.510887928509045,0.37668576214171057,-0.7521733662957975,-2.4721101706078095,-3.7678973572974037,-1.7490020962970994,-1.2190949700556462,0.7836006005190119,2.4971974760243882,-1.5717905434855814,1.6304982067022467
108,2.431826005046212,2.574855608879823,1.334198567386664,-0.6261509371798982,-2.131828323891485,2.756897569279011,-2.9219178832190784,-0.19398179429879753,-1.2160415090456158,-4.133641389494943,0.4554553225019334
109,1.003749918945867,1.3181753700100451,3.1939042951593746,3.2019320300969945,0.7070814134391596,-1.755133723733097,-2.0347881171707014,-2.266451980188885,-3.5176803176526237,-2.910822814286886,-2.4320745531544716
110,-1.2214088795031117,2.302630829169933,-2.9904213467963983,0.27549882610368953,-4.287203237610743,-2.2372918307035747,0.7631173452569359,0.21461282835647502,-0.39133722999126114,-1.8176877805858875,-1.5674706493776662
111,2.2831696346232264,0.610828888951447,-3.485210239184654,0.2097444787089232,-4.640792307093219,0.24597400491402646,2.9358991924531144,0.7138724987442521,0.129432751777567,-2.2023789593261984,-3.0358900450439514
112,2.416100667909801,4.44138751831966,-3.078885393237247,-2.205094981956255,-5.166233725807091,-0.7230295119484104,-2.1296952290109545,2.1999128455891155,0.9201148507655441,-3.756982430650119,-0.5608230364619828
113,2.387029530072848,2.815129230597238,-1.5527255555756834,1.7988367638516634,-1.8888561594191025,1.618381587352479,-1.0112948078870765,-1.341590431415854,-0.38878542662885246,-0.202242177305023,-2.301182019729192
114,2.0026188492237034,6.597400371573087,-0.253171434977828,0.6576960348691608,-2.5371934589484226,1.1724973064361786,0.9324489269952946,0.255161562963666,-0.7552796027948265,-0.36006198172102954,-0.24655801604713673
115,-0.6465014352555492,6.920449831783579,0.9626049932694029,0.8857291287539752,-0.42204728521373064,-0.06460352220083487,-2.5002989284859223,-1.0364084107028417,0.053982493089987434,-3.391289447592388,-1.1618795527454135
116,-0.2799731547506863,1.580767312249738,2.831471812355949,1.0036880844400933,-2.7476707362810155,0.578828893706405,-3.5648908433401076,0.9704963163614874,-0.19715489359798372,-0.871552932388206,-0.3871967733985932
117,-0.5625486860668336,-1.1026709647660893,4.081383432877184,4.463079749699025,-0.21940143562116154,-2.4714024672522648,-0.20128576515378324,-0.04093779332049317,-0.8069196736220782,-1.1956510835839589,-0.6687814480020519
118,-1.1517549891270158,3.6071043415062114,2.3232870336609217,3.355766814041735,-4.378421067961093,-1.087356646423266,1.6436823595125294,1.7653250390788036,-4.0996545310664825,0.10963564319027622,-2.692701817904071
119,-0.570336580472058,-0.6215275397848049,1.5561884839265911,2.8098429909330287,-4.420040255123396,0.5710249532429302,0.797811127569013,-0.06721602948915834,-0.43573407957244037,-0.7640292469329922,-2.0890841535859925
120,0.586277517775503,-3.485268688560133,1.355326278990781,3.801313154316704,-2.407621455252517,-0.04816796306171582,0.5991184822367037,-2.0146456239558086,-1.2006302584317368,-1.1505313010003908,-2.3081223076594792
121,-0.0723502763342312,-1.0509451119504847,-1.045886541452087,3.532549108243969,-2.97414970543939,3.151870646558372,1.3312709038561479,-1.477896365077571,-0.7964798101300058,-1.1629978150268563,0.9198757816216183
122,1.1934432865481506,-2.384160406072373,-1.7960824155756692,2.469168299298179,-2.1001025830745994,1.3875754850516873,-0.7906723226505579,-2.873031928622747,0.14496382471547573,0.4122956696275568,1.341297011938765
123,5.296830591955488,-2.921999147738677,2.622472134483356,-1.5577762520030045,-1.1924311103580667,-0.9890007432495892,-0.5755049739496993,-2.6621265682523356,-0.27316861748791765,0.7136509156161593,-0.5144298330778267
124,5.4679800534641565,-2.560659844938762,6.13335066066313,-1.0681187148366504,0.8866864932962131,-4.185445040010103,3.14230492228947,1.4610784793049858,0.5475683978676821,-0.002854171254750252,0.3510435873437363
125,6.970393985391527,-0.1437537337413274,7.413018395770066,-1.8601383313337816,1.1364495894090076,1.0824989268909881,3.105318272392975,3.263834916930987,0.05031308313514829,-2.387951774725966,-1.3211889315443812
126,7.107450635970818,-0.5610193238804723,6.111448651043422,-1.3986060915301963,1.5689038015121741,-0.9050322812004512,3.3308147019648304,0.4339622328207428,1.5636298979727326,-0.907810470376637,-2.162365065905873
127,6.733481165243622,0.772987711778526,5.42597500836013,-1.7229178988199307,2.3122008751179237,-0.11167514847823351,3.223711350872293,0.7996987219751861,0.15724413052393596,-0.12326244160250527,-1.8384425024232283
128,7.618687630905018,-0.11546035542147515,4.054120592265472,-2.559284969006258,-0.8266457279696828,4.448149293786697,1.0020554912348765,-0.45072220578651295,1.6158187863017146,-1.278361494427455,-3.363551000252821
129,4.922767920915594,2.832070558548867,1.9687837214167732,0.5767695647896464,3.266654445320398,4.330866715015045,3.2309585065819095,0.2943809587707313,3.0323880411569606,-2.2609916817664293,-3.3335213025294683
130,5.4843269194993685,4.090393217981626,3.080027159532361,0.2523644532008754,1.9654910839255921,4.644556565998297,1.8656884381589796,1.5418814525020672,2.5643654875796025,-2.237364591177023,-2.699974164362072
131,4.362951629985644,2.5801869457829394,2.7952961292605774,2.0119353088274603,2.0610956940858762,1.8495808154682958,2.5747563968259555,1.257119928433314,2.4017492805264378,0.38872635718063225,-1.8516690736238286
132,5.084786001635781,0.7924801624818094,1.901765801922917,0.8738590867881767,-0.6046897729887037,1.4573393731931121,-0.931164425846388,0.18493213066226225,1.8148256628963306,-0.37540555173753376,-0.8882622103459477
133,8.042590588284364,-1.2578449513654326,2.566216252125535,-4.275209700485435,-2.720549906253488,2.8717367297709284,-1.0840717482120252,-0.954819100934664,1.9602926791358097,-0.46144656607827056,-2.5019642621253784
134,4.238364079987999,3.963385962908814,-0.13565663084986837,-0.6361741592947625,0.2995686681746175,5.478522064033993,0.05128668164904141,-0.4896974944749706,0.7305190874389357,-1.8811184478042984,-0.3664003489363937
135,3.648276513718749,1.6899482986879542,1.414083329164749,1.97145989839567,1.267371974251795,1.8277771138137198,0.08088670752410951,-0.6847464636468977,0.8099398877408602,-0.47845787853218547,0.658622811752935
136,3.2032935733576355,0.9382596246986494,-0.5099063580870913,4.819021923443714,1.4008936393560985,2.060259658530027,2.3255340976221435,-0.6092798743125366,-0.7803038141452397,-1.0087524446066423,0.6793101733773437
137,7.393817648519242,-5.147366526985441,3.5821528582608897,1.8163038641287643,-1.4596439592706902,-1.6790428347448394,1.317140816546314,-1.6357924704376934,0.6740368990286815,-1.309559065768752,-0.011543717879710154
138,6.037483020764402,-2.8145420291441803,0.5013580335315863,1.5375160174814022,-5.769804419372356,1.1962065996921365,-0.629725286370747,0.2304966510640525,4.17395084316931,0.35141001850591436,1.1869754359062423
139,5.539973368055247,-1.3299410746095477,2.8820608373966166,3.3461194708433384,-2.161915777850992,0.4584056339069174,1.0593431167532465,1.0882524338456996,1.3216771887781817,-1.2938290113500632,0.8277566869717454
140,3.039436923698082,4.03212725160926,1.3309614788390987,2.964474106494362,-2.335279735125719,-1.1172041445689258,-1.2660793937795694,1.5929503572103536,0.8182340349382956,-0.13625045875269085,2.325951933528374
141,3.277255121431996,0.9694887758370124,4.53395436583419,3.0576086371755653,-0.6264961795785235,-3.587524086111367,0.43435485567314003,0.723434382021823,-0.2429487851567084,0.2459569558721713,0.47235878618315447
142,3.8426880752010266,-3.038596732365606,2.207520351004257,4.291317836699147,-3.3692305233031794,0.7649292144640033,1.290158066564943,-1.052137020764619,2.3851437819818453,0.744348023059119,-1.3975588465411186
143,7.7795356211697895,-6.9344527225386186,2.6523540367590632,-1.1631716293399659,-4.5270447676535515,0.7583417876053451,0.4237065038707198,-1.47949911108231,0.5986219515163673,0.28431141596892656,1.9279932764378251
144,9.21272308709906,-3.0518981046329645,1.9243861209878235,-1.4439422310565118,-4.499343118830654,1.0615053348988008,-1.4965253623619654,0.2350627880574325,-1.085875713653683,-2.655599122969221,2.00284668009902
145,7.590014676373227,-1.5819465367743215,1.948867033294238,2.3587844419376416,-1.8065235385960272,-1.4833473750379609,-0.6727994481729046,-1.2990282121128764,-2.154952571082305,-1.595477635091401,-1.2766561556641196
146,4.51194191256082,-0.6041883701826193,-0.46350439089858353,4.338147920372102,-1.7999826453982652,-0.37062360170165254,-0.8004079355552225,-0.8572782406516651,0.9762948327145777,1.162658078049247,-0.9704370829377181
147,6.967862017334171,-3.7822434925145525,2.898697270075161,0.9476913010808916,-1.808942692561286,-0.07451128754575696,-0.14484386249181047,-0.7208678884061928,3.5013346167005195,1.8062632048923872,1.594646494997254
148,6.28856161734812,0.6257855341755864,0.06565929205400056,-1.1697129433446627,-2.6250609878119597,2.1692773085576103,-0.742057814388186,-1.4189183466575035,1.5094947016123959,1.120438521239803,1.9652389548531324
149,5.039934820977185,1.544475972319915,0.1403220779189932,3.410982682804584,0.8095134715345885,-0.34911200042584345,-1.1593771040085152,-1.008611827158451,-0.932070777762208,-0.8971025771406795,0.07930415315259781
150,5.649795631707106,-1.0962139093676873,-0.1622562459299251,3.362783051626965,-0.7557337500340169,-1.2611926880229247,0.5114936397531966,0.044732608307340715,1.9118563628945722,-0.5797229442203521,1.093904840107147
151,6.367783384598921,-0.9579281042743267,-0.9115306255063805,4.231334438495235,-2.4856808462035653,-1.8735206230014325,0.3478440794204568,-1.8741997138704736,0.6962709290951536,-0.3817040141550872,-0.03601066312794605
152,9.334613404519473,-4.782964145617101,5.7312517077144305,2.7221692754090148,-2.4742872411897108,-2.1283036005786844,0.5070202711694081,1.346516970623987,-0.5193651441324,-0.5964795856825107,-0.40649130521533755
153,10.554086865754007,-7.088899302073934,8.192087624733519,0.8110979211076944,-3.872768640879186,-1.5672723457956592,2.209966066395748,2.8378646967812577,1.55620716023145,0.5449483642090062,3.240420599563443
154,10.216331516680286,-5.038871636676169,8.016141098059135,-0.6035965505165846,-2.435976280524374,-0.7542151755344684,2.4982196332294135,4.9246232442495215,2.745244083104483,0.29277450553079065,3.595059109743793
155,9.71644156268473,-3.1636999431555424,5.511621789589676,-1.6829598013529685,-1.5028855526404967,3.4713647186211913,-0.05408355976228454,5.541302520383198,1.797381727774592,0.9479271132132479,1.7036668327456652
156,11.453078402469265,-2.433251832441938,6.368868116148868,-3.052233048365567,1.0715086769570161,0.8295819013028704,1.465685834193253,3.8885263587968533,0.2794598678869533,-1.0348624513313929,-0.7776738483198599
157,11.215946524911773,-1.138314216540797,4.384392927757351,-2.1763822003817914,2.312212200020217,0.6845469650850564,2.8343270380356738,4.147808672673719,2.710770875769755,-1.2282898838788483,1.8499010410912062
158,13.80042785156053,-1.8853662113330867,4.979933356801986,-3.105137946532342,2.316017519105705,-1.1210760462122775,1.2271737203519233,1.645656151323115,0.17319847633205968,-0.8908916918538752,0.359700220613182
159,12.27312384123154,1.1589100965030723,3.9853262641280414,0.3625855617609003,3.723316634167988,1.7547357164800417,3.236119038615661,2.5644226789582754,-1.6688892761181182,0.5157806441931777,0.7082738149181662
160,12.191202828510514,-0.03322015765637229,2.687603794482453,1.9788990592811304,2.36027747848293,1.3086512798927359,0.8185491781543498,0.7950681118364792,-0.7435661985019473,0.1525122168127317,0.18989821240335217
161,12.549010059615826,-0.8951293032250772,3.5737524329952413,0.5680320999705476,1.227515163233923,-2.615135902663875,1.745742789403034,-0.15286781968734464,2.3640882637159817,-1.3150077703563603,-0.395318492731837
162,12.164865981941185,-1.4883819679262158,3.2337955726302776,-0.4371341525675038,-2.2501147033255253,-2.2794424620969114,0.7349053745409638,-1.4167292129802187,0.9726497265783918,1.717717458569343,-3.3300656452414286
163,12.295231886589237,-1.8402068019794522,6.551980726149309,-2.9955384419763003,-1.2057371688399365,-0.18289494011274926,2.081055418163009,-0.33434881881319006,-1.30963524514136,0.9454964491628421,-3.0423540012225536
164,10.79207487862007,-2.357520722704583,5.5873894909635204,-1.1760339975686889,0.06388021472413956,0.04354400911229307,1.3665983033584785,0.9003823748580586,-0.7516918292231413,0.5234060107015133,-1.4327150238934334
165,11.034601585808264,-1.9427258175344795,4.893111738157734,-0.9620117425706755,1.6468932650735302,1.1996890388771564,-1.0662608572473748,1.655943638752187,-1.2269244211331345,-1.0774743421553492,0.369568435850674
166,10.794428432756993,0.9558185785880402,3.045970667545814,-0.7381190932549297,1.5280945341379375,5.59417657898418,-0.4966186887756158,2.7354533721107006,-1.3566786916474611,-1.719496241328665,0.44609260984122695
167,10.399250965593941,1.3032591770910709,0.8292890927116185,-0.6778508757801399,1.9144589574138913,4.164906911906914,1.3690507205761586,0.6517020691843031,0.9715055896328002,-2.584261681838552,-1.5063994849356952
168,11.896326644445365,-0.6382504068137898,7.987265363204067,1.6770509501044737,3.6840624614229687,-2.080618333171594,3.957267751300929,4.957412326526406,-0.9749626725628926,-1.973604984612137,-0.6656208953480793
169,10.661383517897308,-2.1490837159212206,5.599630309483062,2.507884082326845,4.100780964433413,-0.5162227430138415,2.8426011528478465,4.681531763336853,0.10170928462391012,-0.9821163570665014,0.3920967180829636
170,13.354803325056752,-2.881879713501173,3.1191631221019396,1.6751347684531288,0.5271901078880327,0.42906767788885153,2.864655784039174,-1.2825476377238527,-0.8235449212154152,-0.2862239539340235,-1.7878705764029195
171,15.194223932963983,-3.299612567289853,2.0634749491226376,-0.7407537534822701,-2.237594964327266,1.7990390372731853,0.8990614886292707,-1.7646176154277113,-2.4758758117028603,0.6423780732411862,-1.8412839170221662
172,14.661600225137487,-2.0527036260360383,1.4564792892105003,-1.566599401250182,-1.6342406674154097,1.860391203740691,-1.187185103888029,0.00527546875487954,-0.9824430596429157,0.15294154771421556,-0.6385418547704911
173,12.797783314453426,0.018620879449568306,-0.5710226406068423,-1.7009001867437472,-1.564952709422212,2.073058079154308,0.3921571488513321,-2.5278754045531184,-0.5261132656799451,-1.578482071371563,-0.7369191018888005
174,9.428338819459103,2.078827408365496,-3.032365213022268,-0.7615892919693421,-0.39883454914875405,2.4679948507946596,0.5412447525340595,-1.1929767204402486,-0.19897489174422425,-3.307521946005095,0.7512566759634827
175,9.945445372838394,0.41368713266029644,-2.151075580492219,1.523183613073535,-0.37566703826770825,-2.661650949584717,-1.6860066924348014,-1.362335272939513,1.3193477553259902,-1.6190478456155706,2.837639547372461
176,13.513535906771711,-4.379086870339192,2.084241727376497,-1.9057552654573673,0.1551075623062858,-0.7968807266776952,0.28971734622698986,-1.817996268261639,-0.42730896115316225,1.174828802442347,-0.24940688383038095
177,13.81202906581402,0.7081416958986766,0.9743768556114782,-1.411554728582447,-0.6108857056429718,2.892232434359711,2.191592128194601,1.5865684750896671,-2.427571826440217,0.8303590862198315,1.195918698759155
178,9.837258280274567,3.168428671446889,-2.67500313269606,1.4075838056812142,0.012719433493074741,3.8695781922028383,-1.027651849460863,-1.1857290651027224,-3.1204709314591286,-1.162851758406701,1.7570527676806873
179,7.465207685091894,4.789557106056318,-2.440949887740251,1.6562065362440197,-0.44997954997659084,1.0156017026731798,-0.9871990098282193,-0.8472002201943347,-2.902272643452574,-2.482742019582249,2.6878408749493463
180,5.7484574416938035,5.569964360776856,-0.059250810203225694,4.200461827080932,1.6587577267981537,-1.367727695354666,-0.8594276642842876,-1.879554847171956,-2.078846724301928,-1.5112083857573233,-0.49473207841804845
181,4.293303823788867,5.45524674223925,-2.368824792560094,0.5426364423868888,-1.6056652036110362,-0.07855078239399901,-0.823380727787981,0.4650720505019571,1.510082247009219,0.20741395616717165,2.341948714565017
182,6.102411017444793,5.442792179281572,-0.32235871007454,-0.08782390762533511,-1.3282014642370286,-1.5543834637570704,-1.0138877164445175,0.1734063656937223,-0.8836200804075569,0.008972370478605277,1.366426358064123
183,4.777390723523707,3.1474989602889907,-1.0146469963951283,3.960450452188473,-0.03858866488878632,0.2484095452335695,1.2773142274107765,0.4440762016556161,0.8660086636945886,0.39310331153759637,-0.2523507087511991
184,4.67787752221877,0.9934971225894013,-1.9902217592993316,4.067885518302408,1.74551792052304,-0.37809544286482,0.6939438950789104,-1.8202723480538938,0.945059791639314,-1.486299719311645,-0.3971173253765842
185,6.4683004541474265,0.024679618239274725,-2.652815239336952,5.441335620006585,-1.2089768468636592,1.4786287654772534,2.5986149957285827,-0.5800319515713724,5.384051457814305,1.723801363007817,1.8097823039023513
186,10.823271130554907,-2.673096675779521,-0.9312953857277964,0.8541360587733413,-0.628982010637347,-0.5833079398987869,1.3157852846622646,-1.8563004471400415,2.776841034233187,0.9060502443819327,3.9223590706455838
187,14.435582291665218,-3.7383874285802103,4.244357077632203,-3.0437205593045364,-0.924947326687401,-0.5377649671630713,0.7519837186084471,1.440898000378194,2.2024835772516513,2.9935126722566423,1.6250550380143312
188,13.240687061654873,0.2889930391099715,1.2023719330393563,-2.992076262743183,1.0152981264919045,1.02092365317102,3.141772105032155,-1.1815562224508658,-0.10387394563334912,0.2851751004301367,-0.7184143963367465
189,11.478525076225031,4.33090010959422,-0.49415751951115433,-1.4979123923024273,0.051455400573320084,0.9079462611531006,-0.5264112936944227,0.718761649885718,-0.2942974820707187,-1.9341105297561891,3.4120380029316517
190,11.883374677045362,-0.7469788366048402,1.510854553401079,-0.21901575732094758,-1.2563465545855097,-1.3216012321150539,-2.540580529728594,-0.3100066950349474,1.4912586492199158,-0.4807810781375347,0.45799621721700423
191,11.636559268456752,-0.4464088329980349,-1.0455395005770658,-0.8474536335687575,-1.7864396874126354,1.7964721228717062,-1.9547655629788505,-1.0222033718159684,0.07583058716988691,0.5251498986128329,-0.15587871551633503
192,14.372725486521697,-2.5120339865693246,2.474329651136048,-1.9471902079203713,-2.8853788111285468,-1.5181495003963783,-2.032075144843694,-0.6497192253936885,-0.9325368601087081,0.8262323845734626,0.06903093574716167
193,14.918484396991476,-1.8652194357882197,1.9163986929402093,-3.9961394974028175,-2.5034363506088857,-3.4407289256129734,-1.4232788443676936,-2.141593904541555,-1.5842360182299262,-0.42852104344004655,-0.5521779867021378
194,9.629277594394278,7.721101725144095,-2.034373546362306,-1.1854263613871698,-4.560535328343538,4.563277584339256,-0.6465525298141254,1.3186333478151875,-1.4606355496933785,2.7102056779152206,1.394170007804587
195,5.485737094632851,8.081319306495962,1.1034494699410147,4.421654510407553,-0.7611840012139929,-0.16513574012925464,-1.855982390256504,2.083888474233963,-1.0089368743878782,0.46634910251803047,-0.2285756480358681
196,2.4016865502505045,2.1704749384958606,-0.4366749027191674,7.11038616803215,0.41427233540743963,-1.2946057014442345,1.7638272348414674,0.6572599674439005,3.1687013395535075,0.5692741586729352,-1.2514381026508914
197,4.966962464413757,-1.3057430001088355,0.43591973074629664,6.767441498075548,-0.003400341099140763,-0.37551519699320485,1.8391698770275318,-0.44830094895943695,2.460419545049322,0.25697325130621645,-0.6020731847057091
198,6.1665476329458055,-1.372835895310478,-1.5246636327564786,2.49940729096742,-1.0367639457299878,-2.165915413577189,0.7583572343793021,-4.071909919451933,3.834065838353745,-0.15906617456832428,2.5092960920041074
199,5.4398257945018464,3.6372229348654512,-3.962183164444762,-1.6525247208706781,-3.168339606493299,1.689785729230441,-0.7639476591977964,-2.0509857740254045,4.284299966020065,2.052796025317268,0.5125465489109327
200,4.970770015698561,7.945680116565913,-2.000218396368679,0.9647514289745317,0.40979509147196747,0.2851983043866661,-2.5775673516226787,-0.1895876643777105,-0.9915656603051531,-0.2821466962243034,1.1812265953288084
201,6.912433359038443,3.084187277226121,1.6925052438684953,1.3024930921229432,1.1743780704499276,-2.5491859804338795,-1.824557956550041,1.040714097809731,-0.134168181470633,-1.213382168863478,0.8055073785856414
202,10.596138679266057,-0.0030439970382749393,0.9600033838935083,-1.8408021800368761,-1.7201442750343898,-1.957258372334446,-3.3366185413926703,-2.605932292874181,-1.1469090757115716,-0.7188826893196624,-0.5343845858120315
203,12.240760113841485,-0.8097677188115675,-0.9117906231423071,-1.5820677875682507,-1.2098569298602955,0.44773832086461657,-0.9952983138682064,-3.689105830864261,-0.593618785726912,-0.7077269802146225,-1.0623981901996444
204,10.886237948081803,3.9754007147331705,-2.365332692079366,-1.9030653989350226,-1.2372398412459378,1.1167181336138938,-0.5110967395933861,-1.9760356307890834,-1.0127804409793764,-0.8419385106589102,2.2428642575202646
205,6.916098289403573,6.832761728592113,-2.2858871433213976,2.2439353045679185,-1.495764641362987,-3.398319821527078,0.09990270463761118,-1.4590934184587308,0.10262420544156563,-0.3613893522227018,2.949375297885358
206,5.997031721779107,3.652229627096401,-4.680539634685803,0.5096560329502137,-1.613866913498511,-1.0991165957294402,-1.2179761632058703,-2.198232829925025,1.9960017624019053,-0.10382431474484287,0.7559001118536837
207,8.342318076053726,1.9021946566097896,-4.480108854591015,0.05704147486951623,-0.3044385762981399,-0.2571035159763207,-0.25390385884278743,-3.2578030162344853,1.4862590234538215,-0.7081162587498121,-0.07586306819002614
208,12.030070342181277,0.4700583716292478,-2.418065794354751,-4.432401514955787,-1.904672480045646,-0.21074609212396073,-1.1109335705569674,-1.2414340530034924,0.2086428419068536,0.004391077971742722,2.107165384349832
209,10.694314656695058,0.9741476472721804,-1.328411061996992,0.4060586758352418,1.117840102603204,1.223885665416118,-2.1407820830632196,-0.6235878147617229,-1.570567203097819,1.915523095263107,0.47268798573418774
210,12.258997208351335,-3.147173709413879,1.398111140021361,-1.304580542471474,2.3383200599842535,-0.11398506402365734,-1.3771690309733944,-2.2773871574080213,-1.8383146381990085,1.4159103970737978,-0.9587461424586108
211,13.448212002368194,-3.5898087756523056,1.0652356294820788,-3.27611114631473,1.7141782245088941,-0.0036629980428114174,-1.4279528093004805,-1.458032467739911,-2.3071572001762335,-0.40609981739900913,0.3632882820908425
212,13.207082178075211,-2.6932495813324926,0.3003975417891961,0.24164300483423243,2.675762314437593,-0.7676657202467722,-0.7639245748748241,-1.8139845778336232,-2.7441577788670997,1.1086780351401646,-0.6407026463986016
213,12.723896426832988,-3.1280242515174854,-0.093814850290332,-1.0767785235141116,3.2587059004699577,0.47969765023238714,0.8850201925900586,-1.205369012180843,0.15226904076716943,2.92678739176226,-0.39230645036006506
214,12.56281138140491,-1.5674426206135548,0.43860689999801694,-1.4000752004403494,2.9779085075434866,0.2709003110905296,0.8137923503062683,-0.33570475807150063,0.16648535229193556,2.7114436301668103,-0.5964913851193666
215,13.228055054386521,-1.6572046785849333,1.34680081454022,-3.1535088876335893,2.0029890798670724,0.048566380445033884,-1.1006727504545568,0.31911544674677383,0.5084444589975494,1.5918913514255277,-0.17027494552701922
216,12.729101663740833,0.4083631348463622,-1.5225167116819809,-2.7852019361557745,0.1204418301711013,-0.08432716141505084,-0.4819125800908598,-0.693036559979384,-0.7451455277791683,1.3726214394247271,0.0136513043218973
217,12.923456163221639,0.3391923704821436,-3.6396318864444783,-2.0103328692484426,-0.0746026143108311,2.8666116700353736,-0.674310868664848,-2.031584311335051,1.1674202973977912,0.8920861658037081,-1.420607752561321
218,10.972586705231855,3.604783452941398,-3.267106478727935,1.5711798988923138,0.21676446093924365,4.039208687663166,-0.8012799873976258,-1.46717735918377,-1.964401488426166,2.6814854785658255,-0.18966115336073078
219,9.937609744795111,3.1953737167685254,-2.398214063630923,1.9082734259897558,1.0048392306734246,3.58090525843572,-0.5958677807096522,-2.173609890289614,-1.134024709249041,2.4575094021037818,-0.2658410751423261
220,7.118350930862019,4.378464322147928,-0.9904691145203514,7.199592249389731,6.424791707542457,0.8376256291886043,-0.39595248817146705,-1.6984760639570242,-3.5736139495437578,-0.7273866437460254,0.2630316735011114
221,5.873444507948033,4.1831436458812625,-4.574408257276656,3.459938533725604,1.1346971829366688,0.19359703317469976,-0.2152727536075827,-1.4187419449976681,0.7187061456149761,0.9935343985405076,-0.3222584049682629
222,7.151459763538804,1.4820367607774663,-0.808729803773125,4.9954021313025345,2.356279092559441,-0.9292382490098415,0.7184037526225361,0.1851954154594514,0.06566986228609142,2.5261374281974085,0.28479342307650224
223,10.786093797584677,-3.3469601285189308,1.408563860125791,-0.21920862288925083,0.9687679565055671,-1.3054022061175075,-0.12549370550865457,-2.355759466915933,-1.2933248326846623,0.9908453330061441,-2.4035926151594653
224,12.618763703569337,-3.9426051022011874,3.036820986882051,-3.6537436411146347,1.4296624702948892,-0.09719911372037697,0.03677838856867906,0.8435428699977544,-1.1608174137033858,0.5635437479309325,0.1852272388652406
225,10.023626389227136,0.7818137196203191,-1.037360892439654,0.1484157184359009,-0.20157866782054337,2.0876182324006773,-0.9096910892355703,1.2432231411539474,-2.7791437638053234,-0.8239001760558602,1.44027401779901
226,9.487009975920776,-0.9717589531566526,-1.0888480475892732,0.4434486324402254,1.7859782258197154,-0.9901557135827868,-0.9138594123777339,-3.1174493811414306,-0.9360737220370323,-1.213803701987357,-0.5439740818781869
227,7.146714232867867,4.559858025107964,-1.7713758743725065,-0.10272474166938826,1.0088843303286847,2.832481504245878,0.5518473489052598,1.8551986264057398,0.22752881252008808,0.6166276493137759,2.255481506663513
228,7.210296612314988,3.5342894989409617,1.089419280891941,0.9948374710956929,2.0612384541442954,-5.5123166991595305,-1.8158556848797112,-1.2333791267290313,0.8104449868013262,-0.9907444901424014,1.500567717246564
229,8.173234054268532,0.5745044672480467,0.2665392026532792,-3.306174649405379,-0.7527850532713162,-2.7578385343915945,-2.4325675888037313,-3.0400127894870326,2.6883896343823843,-1.7487556197748089,1.3018394058759357
230,7.712609282780439,3.8214066984172557,-1.3651619648447342,-2.583241450523964,1.848070199074642,2.9712719212546186,-0.30980089143257117,-0.23865069367187466,0.359309866721311,-3.885317106309975,1.6033947294391324
231,7.223143421599288,3.9973011840820507,-2.6718640807326874,-0.48177425789223954,2.73078142475003,1.4505186166556785,-0.0623159544955687,-1.040854408244942,-0.6590697778530838,-2.6650451605061236,0.5072649534168668
232,7.087839140844238,3.4237789129264242,0.058266972851134004,3.14074526921484,5.631840255075626,0.22193800237939468,-0.10239966737627723,-2.4474326090508733,-3.1000134628688314,-2.181634954637232,0.01192771758552211
233,5.625495573712813,0.7399452912198565,-0.7035587654712053,2.060939762988023,4.676100396984648,2.5947235502028887,1.2331969518947135,-0.4226835985697078,1.4331378631482747,1.226927030684562,-0.043073949419900205
234,5.3016448614116385,1.3927146805869968,-1.4013619474716952,3.1501344098942745,2.874953303049317,4.0165524160995965,-2.003475877457651,1.1050022625013545,1.0946630872080994,1.3826803157809446,0.727977280209165
235,5.814506045165364,-0.16678144791015448,0.9099185184617264,3.978488099391741,4.564127210491825,-0.3800706799402314,0.38080457693394015,2.4513315863681733,1.551123341741388,0.8066550035674432,1.3774701622814391
236,7.85413954473219,-2.9011265102579085,0.16184658713582112,1.9260054352468026,2.2883645475133836,1.2336525681090262,1.1520911731041794,-0.3436628100019152,1.8195298319909374,2.8105792968672976,0.5949911667412077
237,10.248726174179076,-5.0371410303603525,2.1936300695959496,-1.7567723022561015,0.6682340030022189,2.0320130519109028,-0.5856860546842654,1.034674275759272,0.022489225903980347,2.2456850882745503,0.6138956598948448
238,9.857615163169463,-3.838288292386643,0.5897809308454688,-2.8240943318552203,1.3109395618249025,0.14328905907654266,-1.150308417317527,0.3484672333028696,-1.2026213813806397,0.32026315040169956,0.8817929835481185
239,9.227297602966523,-2.272156945742918,1.3525238229529815,-1.2527550950580888,3.217120820073033,-1.0833468642692736,-0.8345886463516522,0.062006028026063933,-1.7822953483263009,1.614884401882929,-0.1391912248109761
240,9.230272603744055,-0.45773245046817695,0.7737560019052391,-0.3800664175594848,4.680565640808004,-1.048673338870591,0.6083196347512736,0.015600015564165045,-2.8685725459029556,-0.006583493267853399,-0.217606071329584
241,8.225943248417297,-0.6307220797669699,0.6147757202786308,3.5194714363987663,5.837489126669941,-3.863371915910599,1.0878316169529623,-0.6712555140184533,-1.8108673795900383,1.1952628139669677,0.2888837521169447
242,7.744440723847037,-0.49881996029354,-0.740250919996348,0.030705519137180278,3.0263478329150337,-2.485188203186046,0.30463879605148375,0.8463237554634813,0.9321490944313588,-0.1848788575723783,2.5875507526324757
243,6.828742406825597,0.8926884767880502,-0.8469480309832316,2.969952947356065,2.213448991653874,-3.656431882857147,0.4818048331584348,0.0219529706142089,0.6823063352670088,0.5508405250569363,1.3269217519757142
244,7.398811125569483,-1.1332926914933537,-0.6194609472810054,-1.3852206899888828,1.6158821670203123,-0.9186137783507512,0.8706485983065143,-1.2126970667033168,1.786967315839164,0.9999251227250957,-0.33486456028077766
245,6.510209809770563,3.4252904858553803,-3.8782850525273025,0.7253351133439108,0.90309713022587,-1.125833402509372,-1.1693782424198695,-0.9181667812508673,-0.9753784150014301,-0.45422558448165545,1.059634511924196
246,6.091936985212862,0.7548451277735577,-3.6206985681850603,1.6829498698719263,-0.3334520665022808,0.04600507782977531,1.4096310495807496,-0.4390280610481282,1.9921909495637895,2.0938298994425093,-0.654701064730275
247,7.302321740376074,1.6338554931084894,-1.7674810403076797,3.0500993204472673,0.07770738266828289,-2.7082153165745124,1.0027543546245854,0.3455661630113548,-0.7124024723880027,-0.027797744595676303,-1.5662463712450552
248,6.950319192585815,-0.5061063939301572,-1.0517704586084557,2.0068410776511447,1.1445098898017774,-3.2940792524928315,1.422948969325603,-0.1590405731281416,1.3721369908328027,2.240698842614965,-1.063358891381359
249,8.553015433031018,-3.1606457825850756,-0.035125002107471034,-1.9424242903225681,0.8085848485425197,-1.2064011827677046,2.5899435864715583,-1.479747383463171,-0.6712783268545137,1.1515697869048116,-0.8930807822339738
250,7.574168099469995,3.77391182548305,-2.8946104836149895,-3.6586245939860556,0.08240390368149686,-0.7536213336538756,2.888711978711346,-0.5338022985111106,-2.00414296245001,-1.1989385392978962,-0.6345310795457596
251,6.743052888628615,5.269313262612398,-3.8209597209132764,-4.432881969281495,-0.13007075901120574,-1.41962332171094,-0.2800401767426534,-0.76964906945808,1.8604261562614604,-0.6271450875893052,-0.272936543545214
252,6.260113849687012,5.765857270396023,-3.7432557093841394,-4.085328996595122,0.22101851420890684,-0.3307508041869416,-1.8604025866020395,-0.8080353378496746,1.2709228415242508,-0.5618452095443677,-0.2396228762354941
253,5.397151724865503,5.980184759122046,-2.4618467223710847,0.525460205246614,1.9935964819295227,1.2439887493326274,-1.44361994769149,-0.4287898580097006,-0.8255000853824251,-0.780529800279557,-0.218721593682496
254,4.542984081378396,5.637394182789273,-2.03108056672273,-0.7399753444635856,1.782398733832932,-0.04652345554342061,0.03619794603545509,0.5585353773344043,1.0578314315339854,-1.6798408205306652,-0.7604048854377164
255,4.381761304813123,4.799249011356522,-1.5973746216565279,-0.41865929644605976,0.04576338263981658,-4.199889870147745,-0.3706064952152067,-0.5680599875276162,1.2813397761279524,-0.7962605711046821,0.2898432132322628
256,4.727153365453748,4.087194030204962,-4.676946610770855,-4.171362124926356,-2.366423638024765,1.4495025227501246,-1.9200114658814962,0.9707013209384248,1.6175599344970906,1.4297972411247923,0.6434587769100799
257,6.622763149328525,4.247326834750293,-2.008431789629941,-2.9307000881440515,-0.35638948167352696,4.089804704289364,-1.3047607024149492,2.9061071968948617,-1.0659579475203018,1.7392479974180761,2.496802001755577
258,4.245845759192701,4.859610503655805,-2.931374805596128,2.130349193997972,-1.405300660678837,-2.734634346891058,-1.3167803590442515,0.0794068965879577,-3.0768541902869817,0.48065610465684894,-0.00400116126153193
259,3.7666566247604223,-3.655528741623231,-3.355048896820374,1.4377826378609657,-0.5860050936220557,-1.418899790095327,0.7207680845709109,-0.3403094928285842,1.6505009430376756,2.050767322872789,-0.05544129060872408
260,6.964076321987244,-6.798203987465971,-0.625843725190716,-1.8108699280956684,-0.4840509538996388,-2.027213155389887,-2.291539010057501,0.9192384585780095,0.30770745502773333,2.265727127168,1.7189906313465253
261,7.571565434099277,-5.024050331973203,-2.685717370638072,-0.5128339423518466,-0.18605363771543085,-0.6429513832707626,-1.5865376337717396,-1.4614341415742844,0.547893927397174,2.6324546543269043,-0.13231313945913012
262,7.837463988091908,-4.350826570669907,-1.2201834276974148,0.8267652403805147,1.662363652997936,-0.9764088647686591,-0.887012897790056,-0.7274562597850609,-0.6609109691652937,2.084070932335377,1.2776849448559964
263,5.702019322138024,-1.5167420726463914,-2.7692668272060783,2.5415153584742627,0.6681506952362808,1.203727920504703,-0.25385481899075996,1.0718257444823196,2.6978724114969235,1.1041733775794977,0.609582344416292
264,5.837670159293957,-3.5778810599281257,-0.3858396489948626,1.9197106947453502,2.104036712986499,-1.0338931601178016,1.1903778000016847,0.8869346434324944,-1.7404216893992785,-0.27906531936974044,-0.20767214100295495
265,5.500615725067423,-5.564323117444879,-0.980466506484489,-1.2660765064813022,-0.5256445156050962,0.5611186799654144,-1.7755651093879306,-0.9663345075954474,-1.8702466715984132,2.7524944208646946,-1.025624711282449
266,5.098227735574509,-6.626566196485664,0.10444055871023017,-1.7068182236750677,-0.3700148251620295,0.4002414808414169,-1.8443130496567437,-0.9687123094250694,-2.5714977080883687,2.9576668274043127,-0.6785783056615361
267,5.320064632172372,-4.801796647381765,-0.9226198422641405,-2.745654235355813,-0.337193769592498,-1.1541494608994707,0.09290149120914981,-2.1440145063515117,-1.3267377349047111,2.6166453923934427,-2.5462749138873844
268,3.797499903374081,-3.0555281941443364,-2.6620751689507816,0.22955828725399768,3.0026983966923506,0.7037192795122473,2.121581724549426,-0.9876838607720339,1.319221176317081,2.209274893363731,-0.659979562365712
269,5.012521120847246,-5.598383343477271,-2.149569177102247,-2.419437705124693,1.6245203093579086,0.9216641962530068,-0.03349842211105758,1.73394328638707,-0.10595659672179439,-0.23595950371938598,2.2460227282394443
270,6.135141615102956,-7.180863877411715,-2.2696417222681777,-3.2182810828926462,0.2426706909580261,-1.9100218712492008,0.001038434309429383,1.043089375385564,-2.538302554033609,-0.14439354294131934,1.0572604285201328
271,5.696506460283245,-5.954306969687879,-2.254391666328512,-4.319520245498766,-1.4816961742141463,-1.3939191153396102,-0.8801919602553542,1.470878642092211,-3.0475576679220273,0.4987725675660778,1.0646868207479
272,1.5913825310417278,3.0745708792085416,-6.136325370142186,-0.5208770062360194,-0.5735539134085851,1.1886021539808156,-0.648025078989531,1.3953524108835769,-3.0965018799786552,0.36294668396309177,1.7579187625152333
273,0.8562842419333595,3.480338556365431,-1.9801488514735948,2.941485594278814,2.218427141849262,-4.356459887797382,-0.28582800480193865,-0.10954894011462893,-0.21201232499490763,1.8159121370832125,1.366225549480747
274,0.591555831057328,6.985532592836054,-1.7587917262599424,1.8831017651646473,-0.9478629016097257,-4.01565627710096,0.7100547731516673,1.940751534549782,-2.0178479564547898,1.763638233648386,3.0584032628845375
275,-0.6260719083227565,5.147416924781162,-1.4977761059553774,3.425616943513079,-1.5163396048954703,-1.9470558167892755,0.9517044204953761,1.5166664127105562,-0.5769554686244458,4.249981402411534,3.6329935714594153
276,-1.1903039876085868,2.683275256305286,-4.364346863626079,4.034760597525271,-0.5087459364529161,-0.6547351703866101,0.7849565264726515,-1.288421135934113,-0.30377237494049086,0.12614286894471963,0.4558545403873939
277,0.26219198151776485,2.63542106036249,-4.613386995417746,-0.5515395083807589,0.2564713095208834,-1.4942542164668882,0.22506582799404615,1.0200916336556984,3.320930189293509,-0.8101735001785746,1.6590545291006085
278,2.9970205341105656,3.34763386317959,-2.9504603650268044,-5.225053751370371,-0.9763673792032916,0.3746214630885365,-2.2037780219829983,0.5375480426036104,0.7799297476492876,0.9569900470198321,0.33350553348373424
279,2.139355485874742,2.8763396280927362,-2.305808766429146,-2.8061908911084306,1.170852054201024,1.798066400276839,-3.4906042487350666,-0.8866356573903261,1.3224257078912962,-0.914301522155314,0.0817866986469525
280,1.6680391343262564,-0.48956469126210483,-2.0049095551385867,-1.3535004500958614,2.5527003109230626,2.3004558736956433,-4.399863222707203,0.7288862652544348,0.6676212571305645,-0.43847896132089037,-0.3337293704767017
281,1.4986685368265098,-1.0929042292277367,-2.370698258942765,0.35242395659708076,2.5645939991191637,3.238483960281286,-3.6890006259266155,2.278408332188321,-0.7148346402890208,-0.5905275116606379,-0.8501977024257468
282,3.216202089298512,-2.3554333970669665,-4.687567516089977,-1.980679914980078,3.148804167344535,2.1522832194900214,-2.7418863388649712,-0.029973411683330082,-0.8096305723522585,-0.24229322843862927,-0.9283401136603329
283,4.856685944740015,-4.153869320210475,-3.5550081290526996,-1.5892708537891325,4.024045824762806,1.6415364062648277,-0.4193832792799391,1.5233751316778168,-1.768826009136344,-1.0062273575168315,-1.1151843795043719
284,4.0739324761564175,-5.042136712405658,-4.669296585769107,-1.4709811518187765,2.595548725781674,2.7194078371712895,-0.579628559477435,0.910330124506587,-1.0315022353905887,0.11410629156537329,-0.4094367311216155
285,1.8842536528755662,-3.0110176838237117,-8.010388602164698,-0.403044192306663,2.0547677887030535,2.6785401762311607,-1.6923097256230466,-1.0385915957463059,-0.1602400605566404,0.44177643111463993,0.7072325294633588
286,-0.5386366776777182,-1.6361580788821815,-6.2696018308941674,3.4567644743118575,3.068926575029415,-0.06683210966975468,1.4202586007664117,-1.0985716262075635,0.4756413116981314,-1.2444387495353173,1.0502871881496483
287,0.2313864231946602,-4.857005988808418,-1.5669853396605795,0.6608179607808657,1.6201297762506313,-3.6645948882103405,0.4645847697813482,0.3820191331735304,-1.3802592577109014,-1.5846504407628732,0.2940803974373884
288,1.3149589979567946,-6.883098637424527,-1.3699242522753154,-1.8930597466530017,-2.3678424349288214,-1.5014637500287187,-2.2075384360006924,-0.6905171205686714,-1.0996522833667577,-0.7993518312208505,0.880041339475345
289,0.5799343083244045,-7.368798051826157,-2.642125776929509,-2.8328653050823855,-0.506360742877839,-1.9635619135867628,-3.6660046995638313,0.15880252124146654,-2.519275245469458,1.6567805280487196,-0.1868838056587018
290,-0.7359897747276717,-3.5923045924544876,-3.3132312697107684,-0.05361453023322504,-2.1294756358675055,-1.9073933076353051,-1.8626881666256607,0.5194017759972908,1.0722776691926026,1.5715506535176558,-1.0604983903234437
291,-1.20241128109164,4.856440360839346,-3.3891659633825095,-0.6893549003828825,-3.930701767035186,-2.4586166119908803,-0.9665310719461004,3.188351576874353,-0.8204864301866365,2.503505707653457,-1.08336887921429
292,-3.031588674018023,7.869866705466597,1.4278860900067176,3.3359106098113442,0.6681280510852479,-0.8011588545132533,-2.8513592753046733,1.7853052624481631,-2.6511293789257357,2.850493719067119,-1.060498275471093
293,-3.909815397145353,1.6147011231600399,1.5620552345251975,3.1872651290220615,0.3089447166125921,-1.0904610108051311,-0.924150915323903,2.688108683904149,1.8186239402292537,1.9536300306516798,0.010276348483089746
294,-3.864959680769475,-1.2164745496206515,-1.039741406117169,4.558184329636667,-0.11124988517600333,-1.4551089219992284,0.1016568102970558,0.16711484838669421,1.264110729069428,0.07651733808250967,0.7032042249572618
295,-3.186896427198527,-3.249943372826396,-1.080668014981042,5.328757426060085,0.5985550997798336,-0.3596069042215178,1.262686403654347,-0.22305391955755272,-0.16912090233267205,-1.1610000502479267,-0.6212285746534074
296,-3.728780512415601,-2.9598404304992934,-5.096550265881023,4.052126027003173,-2.692230177957615,1.3328299473280345,0.432946815791029,-0.01609699291302058,2.028729765189499,0.23618113458922727,-0.4620896381548459
297,-2.106507572811235,-1.0002223344035681,-5.0728586987383375,1.6092693289294056,-3.1151047020113185,-1.2587074419111188,1.4875941329009392,1.2125637411724117,1.8453529463472416,0.1695089930289344,-2.157974123384994
298,-1.149410295665489,0.7417216823433225,-3.652456142329052,0.6314502302508654,-2.8515457396880395,0.5950788102473539,-0.7126158104231346,2.611126024728699,-1.0801789632966334,1.5877806932568361,-1.6748504093099905
299,-1.0976690865518017,-2.9624841785323097,-3.0615545443794008,2.002673097002129,-0.2757398202091362,1.675523354357483,1.0887308997137952,-0.002060162557475693,-1.1749357562838059,0.1251057230109969,-2.9867103228514176
300,-1.4090152100930713,0.5586130896294353,-6.61108264157382,-0.8628418422266507,-2.364165218300804,0.04107805289485506,0.34350092138420635,1.552854585468382,-0.23598498278648608,0.27275212471901356,0.04890158960040941
301,-1.1038537251188576,-1.6899475543522056,-4.828416440700292,1.3993984799141639,0.40314739538008865,-1.3411619777255108,0.07153428430381845,-0.050322935795443106,0.3750688286178303,0.13029852133329764,-0.9986280534835368
302,-1.5426133216291054,0.19967741223715865,-7.294769817997346,-2.6681237502468864,-1.8463553631497256,-2.560399639419761,-0.2780244865592261,1.4652257623030904,0.2577136235921414,-0.19365282221436164,-2.3494088294484765
303,-0.6151721527707933,2.1989409636758075,-6.773754358153361,-0.9097986757245515,-2.403269494356956,-0.5010645887727191,0.927720174791173,1.9070471844804209,0.07673138557115496,-0.3506421502907467,-3.2275218646025614
304,0.7391830613402635,1.9742082979090512,-5.0967956632930775,-2.2769662579772785,-4.224945051778869,-3.4543584540544936,0.2557417904005687,1.6887247651203514,-0.3381794521645383,0.4628322663413141,-3.1177387218882373
305,-0.08217798551095493,3.4253572767387492,-6.240899300279363,0.5239140026792874,-2.7892123076855233,1.9426817245039916,2.3632357187283164,0.8304393040357142,-1.1261124388027914,1.9187835891006813,-0.3248646990203197
306,0.7735448612908661,4.586473162355317,-3.5445968566255397,-1.7477323863991971,-3.9208554811723833,-3.4439233249004837,1.6219057478900354,3.896333766234334,-0.4975780366565557,0.039937256413691516,-0.47189403632918697
307,-0.7555018761278194,-0.8423721838136202,-3.870835611137408,-0.7050274075927806,-1.2859761025566943,-1.6838322979279743,-0.7582899500053121,1.03727770245268,-0.20237643218422066,-0.015385675695991426,-1.7026565518935544
308,-1.0819087598862094,1.1296554743613971,-1.668868216448551,-0.3729134599791075,-1.730481973614224,-3.6826490670006877,0.20215507570426827,3.109101580825732,-2.034733437837992,0.5894495304127023,-1.7676523819641246
309,-3.1132755865080863,-1.8572213715717598,-1.5800974980302442,2.319449598003422,0.4969934812019101,0.8698132128337472,1.627698454341329,-1.9647605851038155,-0.15873459814881435,0.8781195667526316,-2.4749497774826272
310,-5.507430769807703,-0.8747495189811916,-1.3535648540716774,0.23626886352452167,1.4562995190956989,3.6321586618462094,-0.09942235622629092,1.0239911149524978,-0.25339860277676235,-0.9310244402006105,-1.150877974736874
311,-7.1000610267500175,-0.9342617839670541,-3.1914584639981824,1.629589883793825,1.5870206574648584,-0.4424565227616116,0.3181013297698325,0.11441616894998981,1.0259133531676,-1.4356183340447228,0.8716775465005945
312,-4.325006393062997,3.892751899106628,-2.055243675041936,1.433929421351225,-1.8025239507862572,-3.507310590735364,1.3175380303053603,2.78726566575173,-0.8654239510290908,2.1862172942716684,-0.3634604381174378
313,-4.438554503193539,-0.06494181665864161,-1.9480961324201376,3.4426924647440877,-0.6418406743702444,-0.028522696166867794,2.273017731147746,-0.6350370711037002,1.7065857338555754,1.9090059739463585,-2.42770220476213
314,-4.4711791853266725,1.7415169657440268,-4.8704016932763095,-1.628081220634895,-2.531988252073988,-0.9743327094224963,1.6378525976190466,0.295261881749879,0.27984396152330765,-0.801464444417729,-0.9056312295996631
315,-3.0168922235201663,3.1368628604913797,-2.6663163490929387,-6.719903978696206,-2.459750649357996,0.21083609251194352,-0.9966407446733538,2.667267508820764,0.3561906590167743,0.536104334499507,-1.9366757959464025
316,-4.703918048859208,3.330208039945208,-0.31361136415305874,-2.094659318636051,2.8119001906819214,-1.3249604370733747,0.008484286949919777,0.4362852709224109,-1.1160785388871122,-2.276038291823865,-2.1025902721747975
317,-5.687811148788366,6.166052286929834,-0.1181259024103813,-2.4252965848189265,3.9827020728552744,-2.1881306534330216,-0.6386894615604608,-1.374211394800797,1.7426507094072694,-4.133962758779442,-0.06849439413089056
318,-5.655789656532655,5.572585800014334,1.1614615635903485,1.2549677137705024,2.651771660915209,-2.3960730136776416,-2.998577959931497,-1.8436259954932457,0.31882777969931136,-0.15669453926765411,-0.3579062300682175
319,-6.837923522239575,1.814140092506096,-0.1677217650471231,-1.0773689858338908,0.9036504865497663,-2.4640544578193433,-0.4270098142415481,-1.3606048591724904,3.5301331038561337,0.09280415828458,0.7474173208803777
320,-7.446475318020041,3.720669517136903,-2.5330729469662563,-1.1965500049103022,2.182469474594434,-0.40944519441522875,0.46193948909099247,-0.2988534766552866,0.20176653510135698,-0.684209811048373,-0.6778242878723821
321,-5.021773593866361,6.8275514666423724,-2.36070617894509,-5.303950588420655,1.4260923247556294,-2.0461968355960374,3.707100466316306,0.751173416020543,1.785712685632622,-0.9348785759513032,-0.6231649229880492
322,-2.792913684498607,8.82037638722541,-0.7278186418640601,-3.2380074411295245,2.115782879215698,-3.988752368216729,0.5627038328070257,0.7952175478967222,1.4516618632175593,-3.837889863554921,0.1898082900552636
323,-3.8389620329445022,3.6643858366946165,-0.7780295491262644,-4.742513044528774,3.2405819889236187,-3.3105925933138294,-1.0490379728816828,0.3109563631274804,1.784440723165763,-0.4356264204299573,-0.7860797192423629
324,-4.500621030767107,3.1908554904911877,1.0173476012136813,0.8393966800277897,5.167445173618493,-3.117550173711084,-1.471274462584348,0.16466458025017008,-2.059087323751726,-1.086908384745667,-0.1938619415057786
325,-5.8823687581379165,0.731357997573272,-1.9032801556913,1.891765954848672,2.928060000335382,-1.059964811556482,-1.6551710377924096,-1.9242471237599166,0.5723255511442779,0.3316904535683958,0.5731656047784662
326,-4.480910921519254,-2.63152838472804,-3.4886967785953384,-1.4509480141796787,-1.2429565059730108,-2.3721897239424576,0.41901942099739314,-1.7834279656092198,3.3051496829003755,-0.3250907152610297,0.5694430762221323
327,-2.789473509721899,-4.506602084009727,-2.1079711665984577,-5.210942303735964,0.7810428002335653,-4.235559334534852,0.47417325721393927,0.07096657988365909,1.7539866313467045,1.1202092034556252,-0.3443777762556084
328,-2.828264559507558,-4.844775521677314,-2.6243235806254983,-3.14385184610359,2.480087418069205,-5.240192245321403,-0.007624066834655288,1.0923596307485006,-1.4676442505470877,-0.04752406991864778,-0.5456558742092537
329,-3.817382553049034,-7.273771763019693,-4.3872740104535355,-0.7704112122990676,1.7670061572329425,-1.8791211422664083,-0.552864858649812,0.899479225604181,-0.47513815762534994,0.552171559238197,0.17414496891874567
330,-5.791339256443249,-6.507580135398397,-5.962759384767538,-0.49604645854693985,2.9719943192732323,-1.4471500611899994,-0.896421247708691,-0.2992462208842089,-0.4393657176529358,0.9789459091104472,-0.07132506213086008
331,-5.693397003311737,-2.8963821548665742,-3.9955339982309894,-2.6972068928108235,2.4950168207421197,-2.5415273579625697,0.6601729786964964,1.422881416326649,1.2580836546317657,0.2670503077101724,-0.40356881086535945
332,-4.60698551279856,3.514975992364841,-2.6084770871695517,-2.657202565566859,1.1136462511043552,0.09730215938124938,2.375083801945231,1.4904085000342195,1.9299105306114592,-0.9432873701583224,-1.7349621523601815
333,-5.265297521859359,3.5003125139058158,-1.6426368520523187,-1.176261395598392,1.978744493331535,-1.6603013981260895,2.4402737050742145,1.5525098185050246,0.970015365650059,0.14371522078933055,-0.9520010468886397
334,-5.891819924748352,2.415956637937179,-3.723215741579159,-0.12253147538623835,1.189312392162636,0.039550906365641715,0.38834776756256273,1.2625347027840497,0.5752195119602073,0.8459632078502916,0.70809769788699
335,-6.004525402330605,0.9292862979065191,-4.332467015953006,0.6268451531426554,0.22350917980160875,-0.9079546890384865,0.4993858817719221,0.2671701034473289,-0.0010818634976498636,0.23167045679085246,-1.642993566133599
336,-5.895577629869807,3.2418630924674674,-3.0945554428254014,0.6381470261700767,0.5052862433012172,-0.47064139213736245,2.3390957698199477,1.8813601118177081,-1.4573145408965245,0.30245321844084727,-3.167794025568784
337,-6.285920820160613,-0.08282206804858308,-4.6607386677064895,-0.4395845412027783,-0.8925948943516868,2.8279340054949773,0.8478331581850713,2.4684371986012326,-1.2550941663957693,-0.19789242431919019,0.8835734034438064
338,-5.702381135628049,-2.120865062400809,-3.4300530431335834,1.2782594553837614,0.6181719464996922,-1.9142093334732038,-1.0446338747807684,0.7973217341386402,-1.5326585021624175,-0.22512107589426067,-1.0447730458824702
339,-6.295952569771357,-2.0348408825214994,-4.494174746086836,-1.630066194620059,-0.9313844743555562,-2.3274646930190084,-0.8737976245362318,4.035620607145894,0.7419951086500862,-0.5607036657644359,1.0916380438959068
340,-6.772237528547453,-2.2984446553868962,-2.337972064713353,3.0086046263894777,1.9458419349580844,0.16779429321044112,-2.186860978547972,2.598623058306866,-1.6360646150203881,0.40944865267257874,-1.5374110460719297
341,-6.696491271383509,-8.05655346901961,-1.6701197733240882,2.233645870277689,1.6151885062017426,1.309562665909847,-3.0294153472137944,3.7199603767074207,-1.6881692854074346,-0.7919544780860511,0.3453716273648366
342,-7.87527357428763,-7.638688140097183,-3.9150200571167746,2.893315764003169,1.8244048502580084,3.303945735021285,-3.941810529275342,3.947538730223539,-0.42779741328953175,-1.899027797039198,0.2874607888752419
343,-6.896501489460563,-6.70129514823021,-5.304026786399634,2.069675771579871,1.1261898950165996,2.4703139654638937,-2.765972701120902,3.3515161222076677,0.6011967763026531,-2.2099682807201053,0.6665880455473525
344,-7.139113395672172,-7.723913410856724,-4.844642029534794,-0.8047862053722032,1.97671726666484,-0.2088468856923959,-0.3640832137965072,2.71805152821119,-0.6822375287530356,-0.8525079939871789,-1.0523866148920284
345,-7.404092106416481,-6.406332065333759,-4.581675993170463,-0.8301248423215811,1.229793470416308,-2.6704652661791903,-0.9960593212566669,2.8057651335394485,-1.4085210114497264,-0.8277972339155992,0.038872932662656554
346,-8.72912823297315,-5.495152830569815,-5.269289218371708,1.073296331093302,1.9756021735034297,-0.893137747758213,-1.7659854759411218,2.636504477186554,-0.21076463393796588,-0.709554969849769,0.17839640449125832
347,-8.481261951375785,-5.662243560068854,-4.860335351012372,2.7261876737747723,1.5014184256155976,-0.013012168086638834,-0.7725197392480573,2.0369694304615997,-0.6999995924807834,0.3880086025599562,-1.1728348082004318
348,-8.374661596633736,-6.337545039656454,-3.4203282868796263,4.795507507593123,1.650570841359815,1.3650474395574137,0.03234687486338038,1.4606713781843637,0.32654798681252417,-0.8155659876148778,-0.41339893284613904
349,-8.016672654740244,-7.700631350961677,-5.085833515842095,1.6767780039486504,-0.42620195830860497,0.49153669730599586,-0.7257642108488039,-0.39479818612127116,-0.048483207975658325,-1.3594964908187412,-0.12211222713020918
350,-8.346830493787797,-5.415037468539591,-4.925444676954122,1.4342335193048315,-1.033889991757767,-1.7918569591263749,-0.33542135541241175,0.7413631172848917,-0.02644402915582018,-1.362742183271721,-0.9725914321421627
351,-8.64393068014039,-3.91805809711228,-4.981012019777084,2.6474229194610865,0.10266230073659938,0.9176882916162906,0.1354313547835506,-0.08259428338054635,1.1251196100165277,-0.4097585734460303,-1.6785691691692817
352,-8.1845760427071,-4.105156738057926,-6.396426042939371,1.0107338592342408,-0.4086080714124882,-0.1854174628071537,-0.6786741609965212,1.1021260313616306,0.3197314887295141,-0.12830902864957805,-0.14877692303326356
353,-7.850909969162716,-4.573253978673537,-4.227972021541036,1.1684813950578279,-0.3572111452083779,-0.04695109015062888,-3.0681861854211236,3.974029498098042,0.17512605951575091,1.2864985146022405,-1.325407748531491
354,-8.203412708319805,-3.2776373837227903,0.3168837105435762,3.7101634735792577,0.46717798564297996,0.16704708986381403,-1.9525101653457995,4.199937822339167,-1.862788965987889,0.3300982880519359,-1.7262923558520489
355,-10.151231502610385,-5.178642262735065,2.017313436708497,3.3719002100561855,-0.0254497883479729,0.282743792455615,-0.4530945918657321,2.209758732548442,0.6782014774338828,0.3235533905803566,-0.5888312049041845
356,-11.77830980405122,-4.306035675124371,2.56721673369566,3.1110296342648076,1.0931616230380015,0.5670092553287304,-0.8470395165904401,-1.0743784691654652,0.5706473525824918,-1.5148966730429456,-0.1496498788942193
357,-12.551059740346362,-4.530355560699024,2.6322985511257992,2.5284799657824455,-0.5589955475864847,0.7680226387092689,-1.4773448336414068,1.4131410168856238,-0.5947360096059967,-1.7894181594080063,0.6948065810705836
358,-12.891459094395339,-4.398046059696,2.9291794042672095,0.3225521639801222,0.3660439392100831,0.09619914940355893,-2.352719410788066,1.473079186214616,0.44254675046303277,-1.9808346631323435,1.964121309699287
359,-12.984172627502867,-4.620308636618215,2.141554180221896,-2.695409568276424,-0.12587541912104658,0.7815321224549691,-2.562104938581776,-0.10666556178383527,0.5895689388124326,-1.7669908608244902,1.0717016000650679
360,-14.015261597762088,-2.691689504738159,4.014992100254414,-0.6771904661286609,1.44987831597434,-1.8852324515917998,-3.194704391179687,0.4518335663778915,1.3055991956724813,-3.0156951474087887,1.9139595378294274
361,-13.444456834610428,2.3814701181416558,2.298901644781684,-0.6928941451952634,2.697877736142047,0.5147441402708385,-2.7165419804251125,0.3406545640106406,2.7707388280744443,-1.0413983971968437,1.4398955405078975
362,-12.811093664748181,1.5310934829989957,1.8723745425733864,-0.5759682014443925,3.3227727090263275,0.8313927059148885,-1.8391502710246055,-2.016474800073688,1.909527506420182,-0.015081320712415624,-0.7304915973807864
363,-11.789710046032056,4.0598316757484145,4.0835539206646905,-0.008717758048819782,0.9875883373403094,0.8961914117453195,-2.7149394104444027,0.04905360651080243,1.016000338681168,1.8230261824120997,-1.6769172638594565
364,-13.531736523466499,-0.22162932996466383,5.520095730680894,2.934464704858693,2.1054115456174083,0.6302355397150429,-3.6361764121899696,-0.6068940696947772,0.4868554144696836,2.655421163216582,-1.536340536165741
